type,name,module,path,hash
"csv","agent-manifest","_config","_config/agent-manifest.csv","6c407edfd881327919149534135094209535dec22e1e095b3449aa93e617f585"
"csv","task-manifest","_config","_config/task-manifest.csv","bac7378952f0c79a48469b582997507b08cf08583b31b8aa6083791db959e0f0"
"csv","workflow-manifest","_config","_config/workflow-manifest.csv","61f0cd087af1f7927a980eda7e8b6da7f32391a22373fd47ebb379d03d865924"
"yaml","manifest","_config","_config/manifest.yaml","3f065c6e584a007c204fc9ec85ed3902003cae390b19f3ba45b6a5fc1155c839"
"md","documentation-standards","_memory","_memory/tech-writer-sidecar/documentation-standards.md","b046192ee42fcd1a3e9b2ae6911a0db38510323d072c8d75bad0594f943039e4"
"yaml","config","_memory","_memory/config.yaml","3879dd301c5d2a25b2454368648212d95681bbb54c64f16a95c8b52c20486379"
"csv","default-party","bmm","bmm/teams/default-party.csv","5af107a5b9e9092aeb81bd8c8b9bbe7003afb7bc500e64d56da7cc27ae0c4a6e"
"csv","documentation-requirements","bmm","bmm/workflows/document-project/documentation-requirements.csv","d1253b99e88250f2130516b56027ed706e643bfec3d99316727a4c6ec65c6c1d"
"csv","domain-complexity","bmm","bmm/workflows/2-plan-workflows/create-prd/data/domain-complexity.csv","f775f09fb4dc1b9214ca22db4a3994ce53343d976d7f6e5384949835db6d2770"
"csv","domain-complexity","bmm","bmm/workflows/3-solutioning/create-architecture/data/domain-complexity.csv","3dc34ed39f1fc79a51f7b8fc92087edb7cd85c4393a891d220f2e8dd5a101c70"
"csv","module-help","bmm","bmm/module-help.csv","70ce6fcf717801e5b3d47f4d0496b027c5dc4e1ce0a0508613f5a4abd828a354"
"csv","project-types","bmm","bmm/workflows/2-plan-workflows/create-prd/data/project-types.csv","7a01d336e940fb7a59ff450064fd1194cdedda316370d939264a0a0adcc0aca3"
"csv","project-types","bmm","bmm/workflows/3-solutioning/create-architecture/data/project-types.csv","12343635a2f11343edb1d46906981d6f5e12b9cad2f612e13b09460b5e5106e7"
"json","project-scan-report-schema","bmm","bmm/workflows/document-project/templates/project-scan-report-schema.json","53255f15a10cab801a1d75b4318cdb0095eed08c51b3323b7e6c236ae6b399b7"
"md","architecture-decision-template","bmm","bmm/workflows/3-solutioning/create-architecture/architecture-decision-template.md","5d9adf90c28df61031079280fd2e49998ec3b44fb3757c6a202cda353e172e9f"
"md","checklist","bmm","bmm/workflows/4-implementation/code-review/checklist.md","e30d2890ba5c50777bbe04071f754e975a1d7ec168501f321a79169c4201dd28"
"md","checklist","bmm","bmm/workflows/4-implementation/correct-course/checklist.md","24a3f3e0108398d490dcfbe8669afc50226673cad494f16a668b515ab24bf709"
"md","checklist","bmm","bmm/workflows/4-implementation/create-story/checklist.md","5154aa874c6a79285eba644493e87411c6021baff72859490db6e693d15e0bb9"
"md","checklist","bmm","bmm/workflows/4-implementation/dev-story/checklist.md","630b68c6824a8785003a65553c1f335222b17be93b1bd80524c23b38bde1d8af"
"md","checklist","bmm","bmm/workflows/4-implementation/sprint-planning/checklist.md","80b10aedcf88ab1641b8e5f99c9a400c8fd9014f13ca65befc5c83992e367dd7"
"md","checklist","bmm","bmm/workflows/document-project/checklist.md","581b0b034c25de17ac3678db2dbafedaeb113de37ddf15a4df6584cf2324a7d7"
"md","checklist","bmm","bmm/workflows/qa/automate/checklist.md","83cd779c6527ff34184dc86f9eebfc0a8a921aee694f063208aee78f80a8fb12"
"md","deep-dive-instructions","bmm","bmm/workflows/document-project/workflows/deep-dive-instructions.md","8cb3d32d7685e5deff4731c2003d30b4321ef6c29247b3ddbe672c185e022604"
"md","deep-dive-template","bmm","bmm/workflows/document-project/templates/deep-dive-template.md","6198aa731d87d6a318b5b8d180fc29b9aa53ff0966e02391c17333818e94ffe9"
"md","epics-template","bmm","bmm/workflows/3-solutioning/create-epics-and-stories/templates/epics-template.md","b8ec5562b2a77efd80c40eba0421bbaab931681552e5a0ff01cd93902c447ff7"
"md","full-scan-instructions","bmm","bmm/workflows/document-project/workflows/full-scan-instructions.md","6c6e0d77b33f41757eed8ebf436d4def69cd6ce412395b047bf5909f66d876aa"
"md","index-template","bmm","bmm/workflows/document-project/templates/index-template.md","42c8a14f53088e4fda82f26a3fe41dc8a89d4bcb7a9659dd696136378b64ee90"
"md","instructions","bmm","bmm/workflows/4-implementation/correct-course/instructions.md","afdf74701cd2e1200efeb4af24e99a52b013c4c150c1736c56b5d34f003c0a94"
"md","instructions","bmm","bmm/workflows/4-implementation/retrospective/instructions.md","c1357ee8149935b391db1fd7cc9869bf3b450132f04d27fbb11906d421923bf8"
"md","instructions","bmm","bmm/workflows/4-implementation/sprint-planning/instructions.md","8ac972eb08068305223e37dceac9c3a22127062edae2692f95bc16b8dbafa046"
"md","instructions","bmm","bmm/workflows/4-implementation/sprint-status/instructions.md","0d2a75639c9e402c06bf0dfab51cdacf8f63e4401ae4bc5e7fe9e92e7779bba1"
"md","instructions","bmm","bmm/workflows/document-project/instructions.md","8807cf832c2bce8062280e10ae00928e4e147d148dd326fb6437571531e22723"
"md","instructions","bmm","bmm/workflows/qa/automate/instructions.md","3f3505f847f943b2f4a0699017c16e15fa3782f51090a0332304d7248e020e0c"
"md","prd-purpose","bmm","bmm/workflows/2-plan-workflows/create-prd/data/prd-purpose.md","49c4641b91504bb14e3887029b70beacaff83a2de200ced4f8cb11c1356ecaee"
"md","prd-template","bmm","bmm/workflows/2-plan-workflows/create-prd/templates/prd-template.md","7ccccab9c06a626b7a228783b0b9b6e4172e9ec0b10d47bbfab56958c898f837"
"md","product-brief.template","bmm","bmm/workflows/1-analysis/create-product-brief/product-brief.template.md","ae0f58b14455efd75a0d97ba68596a3f0b58f350cd1a0ee5b1af69540f949781"
"md","project-context-template","bmm","bmm/data/project-context-template.md","facd60b71649247146700b1dc7d709fa0ae09487f7cf2b5ff8f5ce1b3a8427e8"
"md","project-context-template","bmm","bmm/workflows/generate-project-context/project-context-template.md","54e351394ceceb0ac4b5b8135bb6295cf2c37f739c7fd11bb895ca16d79824a5"
"md","project-overview-template","bmm","bmm/workflows/document-project/templates/project-overview-template.md","a7c7325b75a5a678dca391b9b69b1e3409cfbe6da95e70443ed3ace164e287b2"
"md","readiness-report-template","bmm","bmm/workflows/3-solutioning/check-implementation-readiness/templates/readiness-report-template.md","0da97ab1e38818e642f36dc0ef24d2dae69fc6e0be59924dc2dbf44329738ff6"
"md","research.template","bmm","bmm/workflows/1-analysis/research/research.template.md","507bb6729476246b1ca2fca4693986d286a33af5529b6cd5cb1b0bb5ea9926ce"
"md","source-tree-template","bmm","bmm/workflows/document-project/templates/source-tree-template.md","109bc335ebb22f932b37c24cdc777a351264191825444a4d147c9b82a1e2ad7a"
"md","step-01-discover","bmm","bmm/workflows/generate-project-context/steps/step-01-discover.md","0f1455c018b2f6df0b896d25e677690e1cf58fa1b276d90f0723187d786d6613"
"md","step-01-document-discovery","bmm","bmm/workflows/3-solutioning/check-implementation-readiness/steps/step-01-document-discovery.md","38534f136dc150f09478c2510cf955dd1a7912e6d46145b29a9318a55dba8e3e"
"md","step-01-init","bmm","bmm/workflows/1-analysis/create-product-brief/steps/step-01-init.md","256c5f87e9449ab921614e2f23644a6b5a1222178320d863429ee2a284905e32"
"md","step-01-init","bmm","bmm/workflows/1-analysis/research/domain-steps/step-01-init.md","efee243f13ef54401ded88f501967b8bc767460cec5561b2107fc03fe7b7eab1"
"md","step-01-init","bmm","bmm/workflows/1-analysis/research/market-steps/step-01-init.md","8dbd4a1520451945e8a5d5bccb489f9186b76f57f5bf3c77dbdf088e26ac7730"
"md","step-01-init","bmm","bmm/workflows/1-analysis/research/technical-steps/step-01-init.md","c9a1627ecd26227e944375eb691e7ee6bc9f5db29a428a5d53e5d6aef8bb9697"
"md","step-01-init","bmm","bmm/workflows/2-plan-workflows/create-prd/steps-c/step-01-init.md","6ad502fa5bf5639eaf6a42e8f0bc0f2b811e0a3fd2ae3a24ed3333365f99e23c"
"md","step-01-init","bmm","bmm/workflows/2-plan-workflows/create-ux-design/steps/step-01-init.md","7b3467a29126c9498b57b06d688f610bcb7a68a8975208c209dd1103546bc455"
"md","step-01-init","bmm","bmm/workflows/3-solutioning/create-architecture/steps/step-01-init.md","c730b1f23f0298853e5bf0b9007c2fc86e835fb3d53455d2068a6965d1192f49"
"md","step-01-mode-detection","bmm","bmm/workflows/bmad-quick-flow/quick-dev/steps/step-01-mode-detection.md","9e0ab4372997aeda89ebacfbcae7237d9c987697b69b65f40d319c64a162afe2"
"md","step-01-understand","bmm","bmm/workflows/bmad-quick-flow/quick-spec/steps/step-01-understand.md","2138ac9c4ec86585f675fb64839db91cf3f8bb58592a5e433af6482b74889c36"
"md","step-01-validate-prerequisites","bmm","bmm/workflows/3-solutioning/create-epics-and-stories/steps/step-01-validate-prerequisites.md","5ba8ba972e8376339ed2c9b75e4f98125521af0270bb5dff6e47ec73137e01de"
"md","step-01b-continue","bmm","bmm/workflows/1-analysis/create-product-brief/steps/step-01b-continue.md","08bd92dc8486983ac8b5b19efd943d2fd83f2a6f6ba247aad9bb075e12b20860"
"md","step-01b-continue","bmm","bmm/workflows/2-plan-workflows/create-prd/steps-c/step-01b-continue.md","4e8af43d1847236333566efaa4b0b5e63d706e673872705ee6f215a7ccb9d715"
"md","step-01b-continue","bmm","bmm/workflows/2-plan-workflows/create-ux-design/steps/step-01b-continue.md","fde4bf8fa3a6d3230d20cb23e71cbc8e2db1cd2b30b693e13d0b3184bc6bb9a6"
"md","step-01b-continue","bmm","bmm/workflows/3-solutioning/create-architecture/steps/step-01b-continue.md","c6cc389b49682a8835382d477d803a75acbad01b24da1b7074ce140d82b278dc"
"md","step-02-context","bmm","bmm/workflows/3-solutioning/create-architecture/steps/step-02-context.md","07387b1d8c2f92c646bdbad88ad1401d0295c3adecc1637f07630173d8939088"
"md","step-02-context-gathering","bmm","bmm/workflows/bmad-quick-flow/quick-dev/steps/step-02-context-gathering.md","0cef3142e4e4937b914486158eaa0cd930815155aedceb5ddd3399c8bfbce35b"
"md","step-02-customer-behavior","bmm","bmm/workflows/1-analysis/research/market-steps/step-02-customer-behavior.md","ca77a54143c2df684cf859e10cea48c6ea1ce8e297068a0f0f26ee63d3170c1e"
"md","step-02-design-epics","bmm","bmm/workflows/3-solutioning/create-epics-and-stories/steps/step-02-design-epics.md","2c18d76a9b73eae8b9f552cd4252f8208a0c017624ddbaf6bcbe7b28ddfa217e"
"md","step-02-discovery","bmm","bmm/workflows/2-plan-workflows/create-prd/steps-c/step-02-discovery.md","d13de9d4a4af17f04ae1af7966b3071af54a6445c0944ee83af129ef078ebe5d"
"md","step-02-discovery","bmm","bmm/workflows/2-plan-workflows/create-ux-design/steps/step-02-discovery.md","6d340f83d62f873a4c09371a38c77dc9ce9726cd6cd1cf9bf89ddec09f36af4c"
"md","step-02-domain-analysis","bmm","bmm/workflows/1-analysis/research/domain-steps/step-02-domain-analysis.md","385a288d9bbb0adf050bcce4da4dad198a9151822f9766900404636f2b0c7f9d"
"md","step-02-generate","bmm","bmm/workflows/generate-project-context/steps/step-02-generate.md","0fff27dab748b4600d02d2fb083513fa4a4e061ed66828b633f7998fcf8257e1"
"md","step-02-investigate","bmm","bmm/workflows/bmad-quick-flow/quick-spec/steps/step-02-investigate.md","3915bf07f1f365a3bffdcaca2403e01d1434106b6ccd8c207e6f232f4db952d3"
"md","step-02-prd-analysis","bmm","bmm/workflows/3-solutioning/check-implementation-readiness/steps/step-02-prd-analysis.md","f8892391bbfaa5fb0166af02210c6ea1b62021837f853a9f1da6f30b942b1620"
"md","step-02-technical-overview","bmm","bmm/workflows/1-analysis/research/technical-steps/step-02-technical-overview.md","9c7582241038b16280cddce86f2943216541275daf0a935dcab78f362904b305"
"md","step-02-vision","bmm","bmm/workflows/1-analysis/create-product-brief/steps/step-02-vision.md","a6262132ec081165358941df207d02e29e5ab00b4f516adf2772effa46d21dd5"
"md","step-03-competitive-landscape","bmm","bmm/workflows/1-analysis/research/domain-steps/step-03-competitive-landscape.md","f10aa088ba00c59491507f6519fb314139f8be6807958bb5fd1b66bff2267749"
"md","step-03-complete","bmm","bmm/workflows/generate-project-context/steps/step-03-complete.md","cf8d1d1904aeddaddb043c3c365d026cd238891cd702c2b78bae032a8e08ae17"
"md","step-03-core-experience","bmm","bmm/workflows/2-plan-workflows/create-ux-design/steps/step-03-core-experience.md","b23ce8244db8a183761a9420fa54ff285bbf7c54b2d30c62c32d3cf8cb4c2f00"
"md","step-03-create-stories","bmm","bmm/workflows/3-solutioning/create-epics-and-stories/steps/step-03-create-stories.md","e6deb22291f05a96e56f5cb3ab88eca3bb6df564208edd8fcc693d4c27139f29"
"md","step-03-customer-pain-points","bmm","bmm/workflows/1-analysis/research/market-steps/step-03-customer-pain-points.md","ce7394a73a7d3dd627280a8bef0ed04c11e4036275acc4b50c666fd1d84172c4"
"md","step-03-epic-coverage-validation","bmm","bmm/workflows/3-solutioning/check-implementation-readiness/steps/step-03-epic-coverage-validation.md","2249eec5c324153e2f095b63b7d8e2418f5d567f914272e6c66d5aff393702aa"
"md","step-03-execute","bmm","bmm/workflows/bmad-quick-flow/quick-dev/steps/step-03-execute.md","0aaa3455234005d39e8f8150a44967c88c4908201264b83c589840963f4650c1"
"md","step-03-generate","bmm","bmm/workflows/bmad-quick-flow/quick-spec/steps/step-03-generate.md","b75fe471bad08f482a65b01f18fa35ef1c22b3151e7074ddae0e83cbf3484cab"
"md","step-03-integration-patterns","bmm","bmm/workflows/1-analysis/research/technical-steps/step-03-integration-patterns.md","005d517a2f962e2172e26b23d10d5e6684c7736c0d3982e27b2e72d905814ad9"
"md","step-03-starter","bmm","bmm/workflows/3-solutioning/create-architecture/steps/step-03-starter.md","535124eb8228ffa628fee5b2e89b9a66d4c2c5d29485c11ccc0d1062b6d674e2"
"md","step-03-success","bmm","bmm/workflows/2-plan-workflows/create-prd/steps-c/step-03-success.md","7b7b339c36ab34953dc542f48a3ed38da420078ee62bbf840a4cb939a3121567"
"md","step-03-users","bmm","bmm/workflows/1-analysis/create-product-brief/steps/step-03-users.md","7d3884a502341bd5912eac8b24af5bb961385f353b4a37cee916f0a2b2226b97"
"md","step-04-architectural-patterns","bmm","bmm/workflows/1-analysis/research/technical-steps/step-04-architectural-patterns.md","5ab115b67221be4182f88204b17578697136d8c11b7af21d91012d33ff84aafb"
"md","step-04-customer-decisions","bmm","bmm/workflows/1-analysis/research/market-steps/step-04-customer-decisions.md","17dde68d655f7c66b47ed59088c841d28d206ee02137388534b141d9a8465cf9"
"md","step-04-decisions","bmm","bmm/workflows/3-solutioning/create-architecture/steps/step-04-decisions.md","41829279a6ffec9b87870fc0a87e8738b529f07f47ec65dabd983e39d582f8b8"
"md","step-04-emotional-response","bmm","bmm/workflows/2-plan-workflows/create-ux-design/steps/step-04-emotional-response.md","45ff4c3e907f32c91d78f101a78b075f5731642628474c36b7e06c13fd9519e6"
"md","step-04-final-validation","bmm","bmm/workflows/3-solutioning/create-epics-and-stories/steps/step-04-final-validation.md","b8ede22e5b49e7b76cff4af81e0e19b5067718ff8097b566916465c5c3c364a2"
"md","step-04-journeys","bmm","bmm/workflows/2-plan-workflows/create-prd/steps-c/step-04-journeys.md","ff297509882def062ab58de4ae922472dd05b562338689c8ac25a24bedad7dca"
"md","step-04-metrics","bmm","bmm/workflows/1-analysis/create-product-brief/steps/step-04-metrics.md","887af175137069fe498f1fd26db2995d1ad00d658cf15598846ae30d03ce0ce5"
"md","step-04-regulatory-focus","bmm","bmm/workflows/1-analysis/research/domain-steps/step-04-regulatory-focus.md","d22035529efe91993e698b4ebf297bf2e7593eb41d185a661c357a8afc08977b"
"md","step-04-review","bmm","bmm/workflows/bmad-quick-flow/quick-spec/steps/step-04-review.md","5b00b9fb74f7c6c537759757aa1bcd548c957dbe7eccec7498c67609c4ea6026"
"md","step-04-self-check","bmm","bmm/workflows/bmad-quick-flow/quick-dev/steps/step-04-self-check.md","8394655526fd40a140044795cbf4af243cda939c225a8e12ccc94c5a73c87e43"
"md","step-04-ux-alignment","bmm","bmm/workflows/3-solutioning/check-implementation-readiness/steps/step-04-ux-alignment.md","2193be07720901b61ebc7ec80590f2ff07fcb9d4a0473741caaf9a581bf40ba7"
"md","step-05-adversarial-review","bmm","bmm/workflows/bmad-quick-flow/quick-dev/steps/step-05-adversarial-review.md","8df83437c1556acb342a71e8ba12d4075043daa530a8d532de01ab158175572a"
"md","step-05-competitive-analysis","bmm","bmm/workflows/1-analysis/research/market-steps/step-05-competitive-analysis.md","ff6f606a80ffaf09aa325e38a4ceb321b97019e6542241b2ed4e8eb38b35efa8"
"md","step-05-domain","bmm","bmm/workflows/2-plan-workflows/create-prd/steps-c/step-05-domain.md","af444794fffb622cd2d18604ed189cd2efe86c34626d16b5ac1c43b6c14ed551"
"md","step-05-epic-quality-review","bmm","bmm/workflows/3-solutioning/check-implementation-readiness/steps/step-05-epic-quality-review.md","8174d9579ce7300782ec55e4b35ca90131d5baaae02113b3fab0975094e2b645"
"md","step-05-implementation-research","bmm","bmm/workflows/1-analysis/research/technical-steps/step-05-implementation-research.md","55ae5ab81295c6d6e3694c1b89472abcd5cd562cf55a2b5fffdd167e15bee82b"
"md","step-05-inspiration","bmm","bmm/workflows/2-plan-workflows/create-ux-design/steps/step-05-inspiration.md","74ea94822de791eb24f2e2ca39c3acf01a98b2184f23b1c980e2ada6fd11ae5e"
"md","step-05-patterns","bmm","bmm/workflows/3-solutioning/create-architecture/steps/step-05-patterns.md","b6bbca68efc7ff66d2f0fc39d8219898c63fd9c0923cb020ad8ac0d469e6fcff"
"md","step-05-scope","bmm","bmm/workflows/1-analysis/create-product-brief/steps/step-05-scope.md","bd7f8878dd8058e1932151d8cbc468bfc2c6dadb0258d93ed967189d0629dff4"
"md","step-05-technical-trends","bmm","bmm/workflows/1-analysis/research/domain-steps/step-05-technical-trends.md","fd6c577010171679f630805eb76e09daf823c2b9770eb716986d01f351ce1fb4"
"md","step-06-complete","bmm","bmm/workflows/1-analysis/create-product-brief/steps/step-06-complete.md","e78068b25bdf9f031e8548ee8763cfdc0e3216f4d715574fd22fdf0dd1c8a322"
"md","step-06-design-system","bmm","bmm/workflows/2-plan-workflows/create-ux-design/steps/step-06-design-system.md","6e3ead73073ef51ac952f4cf9491635e5d6825525a4af5d5cbf6e2675db69404"
"md","step-06-final-assessment","bmm","bmm/workflows/3-solutioning/check-implementation-readiness/steps/step-06-final-assessment.md","a71a1ccc6e19689c3a4c00cfc6901e4290ef17492bac61d3f08022756dd43592"
"md","step-06-innovation","bmm","bmm/workflows/2-plan-workflows/create-prd/steps-c/step-06-innovation.md","efdd55674bd8329a5d963396c841523d73ffebd168add77bc01425e478e22bc4"
"md","step-06-research-completion","bmm","bmm/workflows/1-analysis/research/market-steps/step-06-research-completion.md","30d5e14f39df193ebce952dfed2bd4009d68fe844e28ad3a29f5667382ebc6d2"
"md","step-06-research-synthesis","bmm","bmm/workflows/1-analysis/research/domain-steps/step-06-research-synthesis.md","4c7727b8d3c6272c1b2b84ea58a67fc86cafab3472c0caf54e8b8cee3fa411fc"
"md","step-06-research-synthesis","bmm","bmm/workflows/1-analysis/research/technical-steps/step-06-research-synthesis.md","5df66bbeecd345e829f06c4eb5bdecd572ca46aec8927bda8b97dbd5f5a34d6c"
"md","step-06-resolve-findings","bmm","bmm/workflows/bmad-quick-flow/quick-dev/steps/step-06-resolve-findings.md","a68a8c85b56dcfc385c19a94e26f0618965d623ac383033e8a4d2f4e3aeef77e"
"md","step-06-structure","bmm","bmm/workflows/3-solutioning/create-architecture/steps/step-06-structure.md","716819821cf7e2a6ce5852785e86e2c77c9f8d1d24e08b86889854365a78e552"
"md","step-07-defining-experience","bmm","bmm/workflows/2-plan-workflows/create-ux-design/steps/step-07-defining-experience.md","89964c435273a08b3065732a23bc0c3bc1290ac2ecd9339d9ff2eb6ecb890b06"
"md","step-07-project-type","bmm","bmm/workflows/2-plan-workflows/create-prd/steps-c/step-07-project-type.md","325e9853015fb844fc80c0b7c00526d0107dcae9a1bfe3b57d956940fc9e29ba"
"md","step-07-validation","bmm","bmm/workflows/3-solutioning/create-architecture/steps/step-07-validation.md","1305a67b660fcd61346de2bb8087547c8414f60381ba896762d71f6fa9cebeaf"
"md","step-08-complete","bmm","bmm/workflows/3-solutioning/create-architecture/steps/step-08-complete.md","d310cab756a88caf4e31a4cfc0e8b49c32cd19a9249b6aeb1eb292748c9f5462"
"md","step-08-scoping","bmm","bmm/workflows/2-plan-workflows/create-prd/steps-c/step-08-scoping.md","8e043d237fb7d3af77b5375629dd4e47054832c98279024d66e090d48d766075"
"md","step-08-visual-foundation","bmm","bmm/workflows/2-plan-workflows/create-ux-design/steps/step-08-visual-foundation.md","8aee1183b3c0e5f379e2c20512665e06ef1189d357ac9a845e3616be35a79c47"
"md","step-09-design-directions","bmm","bmm/workflows/2-plan-workflows/create-ux-design/steps/step-09-design-directions.md","6ab5f1302ec43aed52f45a2842ae49dc4bd98b2d12109d5657c9f04e4b434f89"
"md","step-09-functional","bmm","bmm/workflows/2-plan-workflows/create-prd/steps-c/step-09-functional.md","13ced8348b8bb0b7cd88f0400b538fabbcb1fb3c23525bf4fffb7ca9f4c37c8c"
"md","step-10-nonfunctional","bmm","bmm/workflows/2-plan-workflows/create-prd/steps-c/step-10-nonfunctional.md","e37395a792ac3b81c635993c27748ebd6d781c755ed49e580cd7c78e5486a012"
"md","step-10-user-journeys","bmm","bmm/workflows/2-plan-workflows/create-ux-design/steps/step-10-user-journeys.md","30866f55e179d0985efcf57120e63dfbb1fa3ddb6fa9623c4ee0e0b9738f0467"
"md","step-11-component-strategy","bmm","bmm/workflows/2-plan-workflows/create-ux-design/steps/step-11-component-strategy.md","ed805fafa72fb703b1e89b3c59c0c2dbe99c3021e009858602a92cfb473727a6"
"md","step-11-polish","bmm","bmm/workflows/2-plan-workflows/create-prd/steps-c/step-11-polish.md","935655a256562b6b3420c091a56067c34c35819343a78927ca138c9ea8b92a97"
"md","step-12-complete","bmm","bmm/workflows/2-plan-workflows/create-prd/steps-c/step-12-complete.md","04e3bd5bd837f7d1f7df7a04644e9e4ff6f06f81d9e7fa2a1c550a13fb86cf33"
"md","step-12-ux-patterns","bmm","bmm/workflows/2-plan-workflows/create-ux-design/steps/step-12-ux-patterns.md","d9bfabc5322aca6e2ba512fa6b39bcdac885b8010dd8c4768c10e33524a04b08"
"md","step-13-responsive-accessibility","bmm","bmm/workflows/2-plan-workflows/create-ux-design/steps/step-13-responsive-accessibility.md","f9f2ae70026eb5524a372332632240cea765360ed90a47fea316a65cc3e0e7ce"
"md","step-14-complete","bmm","bmm/workflows/2-plan-workflows/create-ux-design/steps/step-14-complete.md","b0fb194349134a48704c5a9411cdc132bab50a2b6d61c5a70f527367b9c7849a"
"md","step-e-01-discovery","bmm","bmm/workflows/2-plan-workflows/create-prd/steps-e/step-e-01-discovery.md","2bc88c9480ac5986c06672533ab2080b1ee01086033c8e441a8c80551c8a99ee"
"md","step-e-01b-legacy-conversion","bmm","bmm/workflows/2-plan-workflows/create-prd/steps-e/step-e-01b-legacy-conversion.md","e6bbe9020e6986a620fc0299a48e6c31c9d1ec14691df11be71baeb79837bc92"
"md","step-e-02-review","bmm","bmm/workflows/2-plan-workflows/create-prd/steps-e/step-e-02-review.md","b2660d88a445dc3f8f168f96ca92d4a1a36949e3b39fbf6cda5c77129636d9b1"
"md","step-e-03-edit","bmm","bmm/workflows/2-plan-workflows/create-prd/steps-e/step-e-03-edit.md","dfcc3e4f0b1ec050d4985af04dc02b28174a995e95327ca01ae4b8cac10cc1e5"
"md","step-e-04-complete","bmm","bmm/workflows/2-plan-workflows/create-prd/steps-e/step-e-04-complete.md","a1100f8639120311cbaf5a5a880db4e137216bc4bd0110b0926004107a99d3c3"
"md","step-v-01-discovery","bmm","bmm/workflows/2-plan-workflows/create-prd/steps-v/step-v-01-discovery.md","287c39e44b32faab52fb155a4a30ab3f31cf6ef5c599b8b15687e5bb3c97a447"
"md","step-v-02-format-detection","bmm","bmm/workflows/2-plan-workflows/create-prd/steps-v/step-v-02-format-detection.md","251ea5a1cf7779db2dc39d5d8317976a27f84b421359c1974ae96c0943094341"
"md","step-v-02b-parity-check","bmm","bmm/workflows/2-plan-workflows/create-prd/steps-v/step-v-02b-parity-check.md","3481beae212bb0140c105d0ae87bb9714859c93a471048048512fd1278da2fcd"
"md","step-v-03-density-validation","bmm","bmm/workflows/2-plan-workflows/create-prd/steps-v/step-v-03-density-validation.md","5b95ecd032fb65f86b7eee7ce7c30c997dc2a8b5e4846d88c2853538591a9e40"
"md","step-v-04-brief-coverage-validation","bmm","bmm/workflows/2-plan-workflows/create-prd/steps-v/step-v-04-brief-coverage-validation.md","97eb248c7d67e6e5121dd0b020409583998fba433799ea4c5c8cb40c7ff9c7c1"
"md","step-v-05-measurability-validation","bmm","bmm/workflows/2-plan-workflows/create-prd/steps-v/step-v-05-measurability-validation.md","2f331ee6d4f174dec0e4b434bf7691bfcf3a13c6ee0c47a65989badaa6b6a28c"
"md","step-v-06-traceability-validation","bmm","bmm/workflows/2-plan-workflows/create-prd/steps-v/step-v-06-traceability-validation.md","970ea67486211a611a701e1490ab7e8f2f98060a9f78760b6ebfdb9f37743c74"
"md","step-v-07-implementation-leakage-validation","bmm","bmm/workflows/2-plan-workflows/create-prd/steps-v/step-v-07-implementation-leakage-validation.md","f75d1d808fdf3d61b15bea55418b82df747f45902b6b22fe541e83b4ea3fa465"
"md","step-v-08-domain-compliance-validation","bmm","bmm/workflows/2-plan-workflows/create-prd/steps-v/step-v-08-domain-compliance-validation.md","a1902baaf4eaaf946e5c2c2101a1ac46f8ee4397e599218b8dc030cd00c97512"
"md","step-v-09-project-type-validation","bmm","bmm/workflows/2-plan-workflows/create-prd/steps-v/step-v-09-project-type-validation.md","d53e95264625335184284d3f9d0fc6e7674f67bdf97e19362fc33df4bea7f096"
"md","step-v-10-smart-validation","bmm","bmm/workflows/2-plan-workflows/create-prd/steps-v/step-v-10-smart-validation.md","22d48a72bc599f45bbf8c3e81d651d3a1265a6450866c0689bf287f43d7874a4"
"md","step-v-11-holistic-quality-validation","bmm","bmm/workflows/2-plan-workflows/create-prd/steps-v/step-v-11-holistic-quality-validation.md","1022a1454aadff28e39fd5fa71dd76d8eefccfe438b9ef517a19b44d935c0f5b"
"md","step-v-12-completeness-validation","bmm","bmm/workflows/2-plan-workflows/create-prd/steps-v/step-v-12-completeness-validation.md","c966933a0ca3753db75591325cef4d4bdaf9639a1a63f9438758d32f7e1a1dda"
"md","step-v-13-report-complete","bmm","bmm/workflows/2-plan-workflows/create-prd/steps-v/step-v-13-report-complete.md","d2c29d3229e12ab33fd6e74c5e55d2726a98e3785f11bcd8431ce8d00033f7d4"
"md","tech-spec-template","bmm","bmm/workflows/bmad-quick-flow/quick-spec/tech-spec-template.md","6e0ac4991508fec75d33bbe36197e1576d7b2a1ea7ceba656d616e7d7dadcf03"
"md","template","bmm","bmm/workflows/4-implementation/create-story/template.md","29ba697368d77e88e88d0e7ac78caf7a78785a7dcfc291082aa96a62948afb67"
"md","ux-design-template","bmm","bmm/workflows/2-plan-workflows/create-ux-design/ux-design-template.md","ffa4b89376cd9db6faab682710b7ce755990b1197a8b3e16b17748656d1fca6a"
"md","workflow","bmm","bmm/workflows/1-analysis/create-product-brief/workflow.md","5858d72a2fd8010a40d86d7e7581e44af9eb3432f13a236575035a21807e755a"
"md","workflow","bmm","bmm/workflows/2-plan-workflows/create-ux-design/workflow.md","10ffb0f43a4e204ecd1a67bf5bff52d6929847651ad096bbe833cf1f0eb198c5"
"md","workflow","bmm","bmm/workflows/3-solutioning/check-implementation-readiness/workflow.md","ddfe66e2ced3a092d0be1606d36c5eb9610602e939059c902b22da1aa202e904"
"md","workflow","bmm","bmm/workflows/3-solutioning/create-architecture/workflow.md","ad930c2c9b991fb56f0d04cfdbc69d04bffd5df2c515ca570ad7d388f56a055c"
"md","workflow","bmm","bmm/workflows/3-solutioning/create-epics-and-stories/workflow.md","d40eb6e04de52d4265af460322a9487bb2c241453b0a59940e1bb04836a7ba65"
"md","workflow","bmm","bmm/workflows/bmad-quick-flow/quick-dev/workflow.md","7e13f74e23f9de40ed15140b5cadb28a7462ad019dc345422b3aede59ad8e7f7"
"md","workflow","bmm","bmm/workflows/bmad-quick-flow/quick-spec/workflow.md","e7856a24e0f39108ae494569b8ceb2eb1ca10588ed3869c5feef98832c54db78"
"md","workflow","bmm","bmm/workflows/generate-project-context/workflow.md","0da857be1b7fb46fc29afba22b78a8b2150b17db36db68fd254ad925a20666aa"
"md","workflow-create-prd","bmm","bmm/workflows/2-plan-workflows/create-prd/workflow-create-prd.md","2331a3f02fd4bc3628e3bb1684645e8392a77e8b5b9f918e55554616a2bfe06b"
"md","workflow-domain-research","bmm","bmm/workflows/1-analysis/research/workflow-domain-research.md","137509e99ad4b11c391ebe87832d4820c46da75ed8570dd5b5a71f4372b75c73"
"md","workflow-edit-prd","bmm","bmm/workflows/2-plan-workflows/create-prd/workflow-edit-prd.md","e433664058429f54b49237ad7b2eba43fb115b8b9c68c87846f9523405ac73ef"
"md","workflow-market-research","bmm","bmm/workflows/1-analysis/research/workflow-market-research.md","2798d9cbeab426df7f2bcc228771fc5d5e1a58302eef769e2bbd36ce7d7f43e4"
"md","workflow-technical-research","bmm","bmm/workflows/1-analysis/research/workflow-technical-research.md","16974efc305ab195209232eea5e7ab828df2c6244b8c2ba7ca4a517e90b38b64"
"md","workflow-validate-prd","bmm","bmm/workflows/2-plan-workflows/create-prd/workflow-validate-prd.md","5f7d3a188b5c68fb621b31da4ba62b75444615a0f8eadfe8c505c11f4a8e404c"
"xml","instructions","bmm","bmm/workflows/4-implementation/code-review/instructions.xml","1a6f0ae7d69a5c27b09de3efab2b205a007b466976acdeeaebf7f3abec7feb68"
"xml","instructions","bmm","bmm/workflows/4-implementation/create-story/instructions.xml","38eae4b503711a162f55ccd41b770248581a4357cbbfe1cf1bb34520307ccd63"
"xml","instructions","bmm","bmm/workflows/4-implementation/dev-story/instructions.xml","396eba2694f455e9aa8f0e123b4147799e07205cfb666a411e8a5d0d4b6b5daa"
"yaml","config","bmm","bmm/config.yaml","3ed8f2ccfb3a4d999ec9d4486b48b5ab35431edfc2cc9964b59f0e00aba4673f"
"yaml","deep-dive","bmm","bmm/workflows/document-project/workflows/deep-dive.yaml","a16b5d121604ca00fffdcb04416daf518ec2671a3251b7876c4b590d25d96945"
"yaml","full-scan","bmm","bmm/workflows/document-project/workflows/full-scan.yaml","8ba79b190733006499515d9d805f4eacd90a420ffc454e04976948c114806c25"
"yaml","sprint-status-template","bmm","bmm/workflows/4-implementation/sprint-planning/sprint-status-template.yaml","0d7fe922f21d4f00e538c265ff90e470c3e2eca761e663d84b7a1320b2f25980"
"yaml","team-fullstack","bmm","bmm/teams/team-fullstack.yaml","da8346b10dfad8e1164a11abeb3b0a84a1d8b5f04e01e8490a44ffca477a1b96"
"yaml","workflow","bmm","bmm/workflows/4-implementation/code-review/workflow.yaml","4ddef804c51bd83ad51f39e752333383ab559c0986efb8404b659e4728c81ad8"
"yaml","workflow","bmm","bmm/workflows/4-implementation/correct-course/workflow.yaml","0d9c4502fc2f9524644918e33271d648bf7929e91eba8645e39d7d7c7e67eac7"
"yaml","workflow","bmm","bmm/workflows/4-implementation/create-story/workflow.yaml","7989989306494ad06bd5a08f9be73b50d791389226c3b2c8c281ffb8d078d70a"
"yaml","workflow","bmm","bmm/workflows/4-implementation/dev-story/workflow.yaml","36d144a797706f438f973d4fe0679b98096eb1b911f8b7df3f9a8db4fab5e9d2"
"yaml","workflow","bmm","bmm/workflows/4-implementation/retrospective/workflow.yaml","7eac3fda56bb7106a160b446121de55b25d20d60eadcf2caf1ca3245ad84208f"
"yaml","workflow","bmm","bmm/workflows/4-implementation/sprint-planning/workflow.yaml","3f31e4b0973525228549cef18123816d82dc45741dab1f48720eefb191876f81"
"yaml","workflow","bmm","bmm/workflows/4-implementation/sprint-status/workflow.yaml","f03d2804afca3ee29a612117f6bf090b455354a3557c2198ec9b8eb5c5900cef"
"yaml","workflow","bmm","bmm/workflows/document-project/workflow.yaml","9e2886d022d4054c0e6ca6580673f775415add7924961d6723ed13156200a819"
"yaml","workflow","bmm","bmm/workflows/qa/automate/workflow.yaml","670d28da3e20a445ae08ab3e907eaf3eaf13d9a08c4b26244344a0fd8f54a399"
"csv","brain-methods","core","core/workflows/brainstorming/brain-methods.csv","0ab5878b1dbc9e3fa98cb72abfc3920a586b9e2b42609211bb0516eefd542039"
"csv","methods","core","core/workflows/advanced-elicitation/methods.csv","e08b2e22fec700274982e37be608d6c3d1d4d0c04fa0bae05aa9dba2454e6141"
"csv","module-help","core","core/module-help.csv","4227d475748e8067aeae3e1a67d7b6235c109da13b2ef9131db930083dcb348d"
"md","help","core","core/tasks/help.md","0d74caf8ccc6ff82f55df1b99fda67b4ab4860f7818c5cc6d9f7dfa185f322b1"
"md","step-01-agent-loading","core","core/workflows/party-mode/steps/step-01-agent-loading.md","04ab6b6247564f7edcd5c503f5ca7d27ae688b09bbe2e24345550963a016e9f9"
"md","step-01-session-setup","core","core/workflows/brainstorming/steps/step-01-session-setup.md","bc09cc22a0465b316ff3c13903b753768fa31d83abd3f9fc328631db63dc0cf8"
"md","step-01b-continue","core","core/workflows/brainstorming/steps/step-01b-continue.md","d76a406e0ff0a0e58006ec671b56f19a059e98cfebba4c0724ae6ccdd9303e7f"
"md","step-02-discussion-orchestration","core","core/workflows/party-mode/steps/step-02-discussion-orchestration.md","a8a79890bd03237e20f1293045ecf06f9a62bc590f5c2d4f88e250cee40abb0b"
"md","step-02a-user-selected","core","core/workflows/brainstorming/steps/step-02a-user-selected.md","558b162466745b92687a5d6e218f243a98436dd177b2d5544846c5ff4497cc94"
"md","step-02b-ai-recommended","core","core/workflows/brainstorming/steps/step-02b-ai-recommended.md","99aa935279889f278dcb2a61ba191600a18e9db356dd8ce62f0048d3c37c9531"
"md","step-02c-random-selection","core","core/workflows/brainstorming/steps/step-02c-random-selection.md","f188c260c321c7f026051fefcd267a26ee18ce2a07f64bab7f453c0c3e483316"
"md","step-02d-progressive-flow","core","core/workflows/brainstorming/steps/step-02d-progressive-flow.md","a28c7a3edf34ceb0eea203bf7dc80f39ca04974f6d1ec243f0a088281b2e55de"
"md","step-03-graceful-exit","core","core/workflows/party-mode/steps/step-03-graceful-exit.md","f2ecd702902a5e7baeea66be43a58917591f8e37a862b4e7449b536309a4de67"
"md","step-03-technique-execution","core","core/workflows/brainstorming/steps/step-03-technique-execution.md","9e6abceec5f774c57cd5205e30a1f24a95441131dbffcae9c3dce72111f95ceb"
"md","step-04-idea-organization","core","core/workflows/brainstorming/steps/step-04-idea-organization.md","5224490c33bf4b23b2897f3bcf12abe0b1ced306541dd60c21df0ce9fc65d1ac"
"md","template","core","core/workflows/brainstorming/template.md","5c99d76963eb5fc21db96c5a68f39711dca7c6ed30e4f7d22aedee9e8bb964f9"
"md","workflow","core","core/workflows/brainstorming/workflow.md","7d7f957ccd176faed2551e3089abfa49032963e980b5643d9384690af3d61203"
"md","workflow","core","core/workflows/party-mode/workflow.md","f8537e152df8db331d86e2a37e5ced55bccff3a71e290f82eb754d28c0c9ec08"
"xml","editorial-review-prose","core","core/tasks/editorial-review-prose.xml","49f462ddc5f20a6e2abf14e4b8f3a25c70885c6a6d776ef4674739dd7880988a"
"xml","editorial-review-structure","core","core/tasks/editorial-review-structure.xml","307edce94877dacdaafb10f7ea39115944c7d19e57228a7859abf2fee8b1a177"
"xml","index-docs","core","core/tasks/index-docs.xml","90076db678b1d65b4dd8b166731584fafc68e660e5015f309a1c78aae6e25a28"
"xml","review-adversarial-general","core","core/tasks/review-adversarial-general.xml","347436fde09411caaab10ff97e4cbd2bfef31dbe9f8db9e0eb49c3ed361ede7b"
"xml","shard-doc","core","core/tasks/shard-doc.xml","947f2c7d4f6bb269ad0bcc1a03227d0d6da642d9df47894b8ba215c5149aed3d"
"xml","workflow","core","core/tasks/workflow.xml","17bca7fa63bae20aaac4768d81463a7a2de7f80b60d4d9a8f36b70821ba86cfd"
"xml","workflow","core","core/workflows/advanced-elicitation/workflow.xml","ead4dc1e50c95d8966b3676842a57fca97c70d83f1f3b9e9c2d746821e6868b4"
"yaml","config","core","core/config.yaml","4ccd7936b22074f426c577683f2451b111d4594b67135e7be71488e210df10ad"
"csv","default-party","tea","tea/teams/default-party.csv","b41cb24a2367b6d856c14f955d59b3e924ebead6c7a5ffba0d5c4c1d02cae0fb"
"csv","module-help","tea","tea/module-help.csv","07ef2181eadbc00f2f703fed51e3a4aa955def9cad2609e830d9c960d73045b3"
"csv","tea-index","tea","tea/testarch/tea-index.csv","612e283e9605b0e8c3a8d5d0f9039a34a50274fae531322d504653e9a83f3af8"
"md","adr-quality-readiness-checklist","tea","tea/testarch/knowledge/adr-quality-readiness-checklist.md","d5f5c2917e8bcc82517640d5354f85fcdf9f5975b093c1ec768c3d17ee634292"
"md","api-request","tea","tea/testarch/knowledge/api-request.md","c12a7fe2dfec4919a259e5970a9621559f1e5769a711c4774e75df77805deb09"
"md","api-testing-patterns","tea","tea/testarch/knowledge/api-testing-patterns.md","26c8fdb9abcb91f96122091dcc9e9e6e4a1a08288f331102354a44c6aca3b05f"
"md","atdd-checklist-template","tea","tea/workflows/testarch/atdd/atdd-checklist-template.md","2bd0818aa0593f3302420dcfcbdf307203311bfb0d8ce127983d642813ba01c1"
"md","auth-session","tea","tea/testarch/knowledge/auth-session.md","2b3de2a9468caf85f0e47ba9d79b142f424b6c10e3a342c264f1cf73d2f70ddc"
"md","burn-in","tea","tea/testarch/knowledge/burn-in.md","5ba3d2abe6b961e5bc3948ab165e801195bff3ee6e66569c00c219b484aa4b5d"
"md","certificate-template","tea","tea/workflows/testarch/teach-me-testing/templates/certificate-template.md","66a453fdad4cbb9228653a1790683bd1d35a01a544d9f5ca15f26b6b1a658d86"
"md","checklist","tea","tea/workflows/testarch/atdd/checklist.md","d86b1718207a7225e57bc9ac281dc78f22806ac1bfdb9d770ac5dccf7ed8536b"
"md","checklist","tea","tea/workflows/testarch/automate/checklist.md","3a8f47b83ad8eff408f7126f7729d4b930738bf7d03b0caea91d1ef49aeb19ee"
"md","checklist","tea","tea/workflows/testarch/ci/checklist.md","3e4dbd8abfe142cbc5886e613d755aec99e7db676dc23645374e9d9047d33449"
"md","checklist","tea","tea/workflows/testarch/framework/checklist.md","f32b799afe9a73ca26a2ae7671f3656000cc6c45592c44e37a5dbb56142d65c8"
"md","checklist","tea","tea/workflows/testarch/nfr-assess/checklist.md","1f070e990c0778b2066f05c31f94c9ddcb97a695e7ae8322b4f487f75fe62d57"
"md","checklist","tea","tea/workflows/testarch/teach-me-testing/checklist.md","8ae9620ee1d25e3758be40e05e1ec0e5f8d06f47b9a8c77ae1e2eb965d9b3ff0"
"md","checklist","tea","tea/workflows/testarch/test-design/checklist.md","d2171f7b92305817febde72b524240c193a45c4048e5733bd083610dcf0ab637"
"md","checklist","tea","tea/workflows/testarch/test-review/checklist.md","e39f2fb9c2dbfd158e5b5c1602fd15d5dbd3b0f0616d171e0551c356c92416f9"
"md","checklist","tea","tea/workflows/testarch/trace/checklist.md","6ed7bfcaebe8f11c7d5260a3fd9a1ed912da1e7417924a21c8d170a61eb8e761"
"md","ci-burn-in","tea","tea/testarch/knowledge/ci-burn-in.md","4cdcf7b576dae8b5cb591a6fad69674f65044a0dc72ea57d561623dac93ec475"
"md","component-tdd","tea","tea/testarch/knowledge/component-tdd.md","88bd1f9ca1d5bcd1552828845fe80b86ff3acdf071bac574eda744caf7120ef8"
"md","contract-testing","tea","tea/testarch/knowledge/contract-testing.md","d8f662c286b2ea4772213541c43aebef006ab6b46e8737ebdc4a414621895599"
"md","data-factories","tea","tea/testarch/knowledge/data-factories.md","d7428fe7675da02b6f5c4c03213fc5e542063f61ab033efb47c1c5669b835d88"
"md","email-auth","tea","tea/testarch/knowledge/email-auth.md","43f4cc3138a905a91f4a69f358be6664a790b192811b4dfc238188e826f6b41b"
"md","error-handling","tea","tea/testarch/knowledge/error-handling.md","8a314eafb31e78020e2709d88aaf4445160cbefb3aba788b62d1701557eb81c1"
"md","feature-flags","tea","tea/testarch/knowledge/feature-flags.md","f6db7e8de2b63ce40a1ceb120a4055fbc2c29454ad8fca5db4e8c065d98f6f49"
"md","file-utils","tea","tea/testarch/knowledge/file-utils.md","7d1092930118fb160b9c0a4a48c398d9b08bb909d1e2432662d8e81e1e3b0087"
"md","fixture-architecture","tea","tea/testarch/knowledge/fixture-architecture.md","a3b6c1bcaf5e925068f3806a3d2179ac11dde7149e404bc4bb5602afb7392501"
"md","fixtures-composition","tea","tea/testarch/knowledge/fixtures-composition.md","8e57a897663a272fd603026aeec76941543c1e09d129e377846726fd405f3a5a"
"md","instructions","tea","tea/workflows/testarch/atdd/instructions.md","1e57000568517f420d779219bedcc5e49e79fb7ba960464f2d8ffd891afc3965"
"md","instructions","tea","tea/workflows/testarch/automate/instructions.md","b085c1db7153684deee4d132d1c757f7eae602e76ee767a126709436ee76f3f2"
"md","instructions","tea","tea/workflows/testarch/ci/instructions.md","67d58e27cf01b24ca4f69e3317d6ec26e6b064a6821bd24f3b6a08f5c0d06cc0"
"md","instructions","tea","tea/workflows/testarch/framework/instructions.md","56fc1a04447b394021714c8de9dd0599c0216dc07a97f04c05b660e4d30db5bf"
"md","instructions","tea","tea/workflows/testarch/nfr-assess/instructions.md","569193578b80dc7ca8b8e51c38d848f3cf54518cb90526f8309c05aba642c822"
"md","instructions","tea","tea/workflows/testarch/teach-me-testing/instructions.md","d7f22d031a0d4108d884014113ce32a3822b7224df5af7e76953162fc7c326da"
"md","instructions","tea","tea/workflows/testarch/test-design/instructions.md","64c64fc46b1efe2e89e944dae2b80b529545f0c717b80fb98ce1801fa64e34a3"
"md","instructions","tea","tea/workflows/testarch/test-review/instructions.md","8bfc2fd6f98487b57cf938dd1a1bdadda2afb418c4be881631389292c73cc661"
"md","instructions","tea","tea/workflows/testarch/trace/instructions.md","0962f8593a452d9c5901c9fe1e32f076d94025f3c1521ece376f67179ed23c38"
"md","intercept-network-call","tea","tea/testarch/knowledge/intercept-network-call.md","ac8213cc28a9f9c452a6fb419356dd1d66ce495d7f29d188fcb1bb51456ba869"
"md","log","tea","tea/testarch/knowledge/log.md","54b09992275e1ab361bf109b342a7d487cbb5bafa4e9cc48b320a1a5eb11857f"
"md","network-error-monitor","tea","tea/testarch/knowledge/network-error-monitor.md","c9041fd4af8162580a12c7adad79fdf7539fae7d6717fe7dace05e851c1b734c"
"md","network-first","tea","tea/testarch/knowledge/network-first.md","2920e58e145626f5505bcb75e263dbd0e6ac79a8c4c2ec138f5329e06a6ac014"
"md","network-recorder","tea","tea/testarch/knowledge/network-recorder.md","ebd7a63b5834d69c75a826d775d86d466e0a0e4393101452198fe39da44772a6"
"md","nfr-criteria","tea","tea/testarch/knowledge/nfr-criteria.md","e63cee4a0193e4858c8f70ff33a497a1b97d13a69da66f60ed5c9a9853025aa1"
"md","nfr-report-template","tea","tea/workflows/testarch/nfr-assess/nfr-report-template.md","fcd335868334cbbdd10ad929b2d17edccd071f60adb80b959d6b3edab55e9995"
"md","overview","tea","tea/testarch/knowledge/overview.md","ba667e89ab108833a47a237713cbcc3e4a4e36e3fb57f3de14f3f4634605b1de"
"md","playwright-config","tea","tea/testarch/knowledge/playwright-config.md","42516511104a7131775f4446196cf9e5dd3295ba3272d5a5030660b1dffaa69f"
"md","probability-impact","tea","tea/testarch/knowledge/probability-impact.md","446dba0caa1eb162734514f35366f8c38ed3666528b0b5e16c7f03fd3c537d0f"
"md","README","tea","tea/workflows/testarch/README.md","ce9f0d08b3c3de3d506b7bd2430941833f8618ba490ca613cafb4a32c69741dd"
"md","recurse","tea","tea/testarch/knowledge/recurse.md","7937897b8d8fd74ab647634fb549ba9344e86d39f9a705e8731a7531e51ad726"
"md","risk-governance","tea","tea/testarch/knowledge/risk-governance.md","2fa2bc3979c4f6d4e1dec09facb2d446f2a4fbc80107b11fc41cbef2b8d65d68"
"md","selective-testing","tea","tea/testarch/knowledge/selective-testing.md","c14c8e1bcc309dbb86a60f65bc921abf5a855c18a753e0c0654a108eb3eb1f1c"
"md","selector-resilience","tea","tea/testarch/knowledge/selector-resilience.md","a55c25a340f1cd10811802665754a3f4eab0c82868fea61fea9cc61aa47ac179"
"md","session-notes-template","tea","tea/workflows/testarch/teach-me-testing/templates/session-notes-template.md","bdcc8dac35ed5ce2c7a95ab0fd55b2dfa27e3173ed1f5d78e44f8755514e1c70"
"md","step-01-assess","tea","tea/workflows/testarch/atdd/steps-e/step-01-assess.md","a98e5d250cd980cbe6bdc33682763512622eee8db3610d42f85e621df6eecf2d"
"md","step-01-assess","tea","tea/workflows/testarch/automate/steps-e/step-01-assess.md","a98e5d250cd980cbe6bdc33682763512622eee8db3610d42f85e621df6eecf2d"
"md","step-01-assess","tea","tea/workflows/testarch/ci/steps-e/step-01-assess.md","a98e5d250cd980cbe6bdc33682763512622eee8db3610d42f85e621df6eecf2d"
"md","step-01-assess","tea","tea/workflows/testarch/framework/steps-e/step-01-assess.md","a98e5d250cd980cbe6bdc33682763512622eee8db3610d42f85e621df6eecf2d"
"md","step-01-assess","tea","tea/workflows/testarch/nfr-assess/steps-e/step-01-assess.md","a98e5d250cd980cbe6bdc33682763512622eee8db3610d42f85e621df6eecf2d"
"md","step-01-assess","tea","tea/workflows/testarch/test-design/steps-e/step-01-assess.md","a98e5d250cd980cbe6bdc33682763512622eee8db3610d42f85e621df6eecf2d"
"md","step-01-assess","tea","tea/workflows/testarch/test-review/steps-e/step-01-assess.md","a98e5d250cd980cbe6bdc33682763512622eee8db3610d42f85e621df6eecf2d"
"md","step-01-assess","tea","tea/workflows/testarch/trace/steps-e/step-01-assess.md","a98e5d250cd980cbe6bdc33682763512622eee8db3610d42f85e621df6eecf2d"
"md","step-01-detect-mode","tea","tea/workflows/testarch/test-design/steps-c/step-01-detect-mode.md","cdecf026ed2d5215603932fbbc5a7304520a94d1ff1e3528abbc8ab3cd3f78e6"
"md","step-01-init","tea","tea/workflows/testarch/teach-me-testing/steps-c/step-01-init.md","9a4ac8b773ebf75653d648d668a58c21d7e8ebae979e1dfd1a04e1bafb2eeaa9"
"md","step-01-load-context","tea","tea/workflows/testarch/nfr-assess/steps-c/step-01-load-context.md","ad018a42b9271a87ad84fc6b1ce51bf0aa64f5c075cb24ab7bce414cb46e8554"
"md","step-01-load-context","tea","tea/workflows/testarch/test-review/steps-c/step-01-load-context.md","f949ad669d0bb7077f576784c193f789c9b9a3f0ac56f32ce02efe530c5be054"
"md","step-01-load-context","tea","tea/workflows/testarch/trace/steps-c/step-01-load-context.md","ff5fcf453f1d580454d76790f3c68e835776dd37758e88dd347ab4e9bec3a958"
"md","step-01-preflight","tea","tea/workflows/testarch/ci/steps-c/step-01-preflight.md","124a91a704d31f3b5db8ca227f0e6f6bbe5e6c9e4d758af9efa70287d4074f5b"
"md","step-01-preflight","tea","tea/workflows/testarch/framework/steps-c/step-01-preflight.md","fabe1f61262c1fe54fa4c2f61b06348408ceb10e760d096d55cfbee8399455df"
"md","step-01-preflight-and-context","tea","tea/workflows/testarch/atdd/steps-c/step-01-preflight-and-context.md","5abb525237a9e5fbf65a7c78e86c5e9a284079707c0f00852ec8c32d25bcbd33"
"md","step-01-preflight-and-context","tea","tea/workflows/testarch/automate/steps-c/step-01-preflight-and-context.md","cf7660ec2ecb98e69fedcb7151745ccd24057a28094b1ba083d2d95ca73f0dc4"
"md","step-01-validate","tea","tea/workflows/testarch/atdd/steps-v/step-01-validate.md","68fac847556a8710a7dcbe0cbf658513f3b2cb9497e124cd3039dc0bc8b8d211"
"md","step-01-validate","tea","tea/workflows/testarch/automate/steps-v/step-01-validate.md","08156c005fd050b68fa379fa69a2306428a966a54819152aed67e4fb7702730c"
"md","step-01-validate","tea","tea/workflows/testarch/ci/steps-v/step-01-validate.md","ee47db60bb0d41736ed840ce063f148402311c215c1b059f3eacee4e140d6174"
"md","step-01-validate","tea","tea/workflows/testarch/framework/steps-v/step-01-validate.md","b98877307ce10ab587e33f1be58489a0613344b218fee706d08283828bfd2787"
"md","step-01-validate","tea","tea/workflows/testarch/nfr-assess/steps-v/step-01-validate.md","796d279e68e27c2b2f9bc02bb86418e0f568a6a422a34cfb051955ec8906e915"
"md","step-01-validate","tea","tea/workflows/testarch/test-design/steps-v/step-01-validate.md","8b086be071225383968abf113da9c94f10d02b3d7d570db9821eaac519db3880"
"md","step-01-validate","tea","tea/workflows/testarch/test-review/steps-v/step-01-validate.md","8b80353ae35676b89290cd9cec3ac1b17ef1f0d35a026a2f5ab58a06ee593582"
"md","step-01-validate","tea","tea/workflows/testarch/trace/steps-v/step-01-validate.md","7fe08ad95b0d440bdb9a4b0ab65b08aaaf023b8d13e254d7277862ab64928656"
"md","step-01b-continue","tea","tea/workflows/testarch/teach-me-testing/steps-c/step-01b-continue.md","6640cc4b88a8c52655491546fedd4e41396e81ec1f635ce8679f96a350921537"
"md","step-02-apply-edit","tea","tea/workflows/testarch/atdd/steps-e/step-02-apply-edit.md","053a6c2c2a7605a0fb942e2f72c0a52e46eab993cf100883a3f40d2eb271b612"
"md","step-02-apply-edit","tea","tea/workflows/testarch/automate/steps-e/step-02-apply-edit.md","053a6c2c2a7605a0fb942e2f72c0a52e46eab993cf100883a3f40d2eb271b612"
"md","step-02-apply-edit","tea","tea/workflows/testarch/ci/steps-e/step-02-apply-edit.md","053a6c2c2a7605a0fb942e2f72c0a52e46eab993cf100883a3f40d2eb271b612"
"md","step-02-apply-edit","tea","tea/workflows/testarch/framework/steps-e/step-02-apply-edit.md","053a6c2c2a7605a0fb942e2f72c0a52e46eab993cf100883a3f40d2eb271b612"
"md","step-02-apply-edit","tea","tea/workflows/testarch/nfr-assess/steps-e/step-02-apply-edit.md","053a6c2c2a7605a0fb942e2f72c0a52e46eab993cf100883a3f40d2eb271b612"
"md","step-02-apply-edit","tea","tea/workflows/testarch/test-design/steps-e/step-02-apply-edit.md","053a6c2c2a7605a0fb942e2f72c0a52e46eab993cf100883a3f40d2eb271b612"
"md","step-02-apply-edit","tea","tea/workflows/testarch/test-review/steps-e/step-02-apply-edit.md","053a6c2c2a7605a0fb942e2f72c0a52e46eab993cf100883a3f40d2eb271b612"
"md","step-02-apply-edit","tea","tea/workflows/testarch/trace/steps-e/step-02-apply-edit.md","053a6c2c2a7605a0fb942e2f72c0a52e46eab993cf100883a3f40d2eb271b612"
"md","step-02-assess","tea","tea/workflows/testarch/teach-me-testing/steps-c/step-02-assess.md","21a2f9f2ef55cc191ccf840cc25df325b21b339244d8ab7dd5649dd3d3b33878"
"md","step-02-define-thresholds","tea","tea/workflows/testarch/nfr-assess/steps-c/step-02-define-thresholds.md","369d260bfa07f59ec1cebba76dbe4226be4ed1cb56b94d35559149ad88d54fa2"
"md","step-02-discover-tests","tea","tea/workflows/testarch/test-review/steps-c/step-02-discover-tests.md","dd48f7a62df927594864f6f0b187e04cf4d5acac46080c37e9838c5ed343d2f7"
"md","step-02-discover-tests","tea","tea/workflows/testarch/trace/steps-c/step-02-discover-tests.md","a5586f3f68a540bb45a65c473c1bbeb8426708aa7fdbe2612e65d48a412defa9"
"md","step-02-generate-pipeline","tea","tea/workflows/testarch/ci/steps-c/step-02-generate-pipeline.md","7f846b0c986f53275ed4c2450aa45f4910d524ef67550dc7a7e5171988db8bbc"
"md","step-02-generation-mode","tea","tea/workflows/testarch/atdd/steps-c/step-02-generation-mode.md","260a39c13bf49ccd1f3276406b21411a7d596902fa575a8d5dbf96fe3e901677"
"md","step-02-identify-targets","tea","tea/workflows/testarch/automate/steps-c/step-02-identify-targets.md","61a0f1d9732424bc88aadac0010cd8baec908d856d1498248423fc105ca94eed"
"md","step-02-load-context","tea","tea/workflows/testarch/test-design/steps-c/step-02-load-context.md","f058bedbef4e644421558018e51e34c4551b32d864aaf1d070379e33a998539d"
"md","step-02-select-framework","tea","tea/workflows/testarch/framework/steps-c/step-02-select-framework.md","cd3d066b14341638a9c1760ba616594bc8e8f26b502d4c8aa0d95186b4f09e17"
"md","step-03-configure-quality-gates","tea","tea/workflows/testarch/ci/steps-c/step-03-configure-quality-gates.md","4bebf3c3e376e572617a8b353778b6e621789f1975bbb0f0bdcaa9c71fc4ebd6"
"md","step-03-gather-evidence","tea","tea/workflows/testarch/nfr-assess/steps-c/step-03-gather-evidence.md","63d46cd802c76132e27d71eaf8d93b9e32c1c0d34114f9b86e10c90235c76c13"
"md","step-03-generate-tests","tea","tea/workflows/testarch/automate/steps-c/step-03-generate-tests.md","c12669585c72ab1733798071df8f4fa4901b6cf40c85006e1d87fff167056a37"
"md","step-03-map-criteria","tea","tea/workflows/testarch/trace/steps-c/step-03-map-criteria.md","1f2f63e43fe2b588663c01745b88c5e4f0c68a1ac7213e257b648107e5aa942a"
"md","step-03-quality-evaluation","tea","tea/workflows/testarch/test-review/steps-c/step-03-quality-evaluation.md","8d2d2aaa84ca5b1c654d1d3aba324ae384b6ce3bc1183a15ecf8c0ef043fd7c7"
"md","step-03-risk-and-testability","tea","tea/workflows/testarch/test-design/steps-c/step-03-risk-and-testability.md","3c0b4ac9546aa8ae8946bea9c0b6c0ddae0f95b32adc3599936d25f0bde229c6"
"md","step-03-scaffold-framework","tea","tea/workflows/testarch/framework/steps-c/step-03-scaffold-framework.md","ddedbea1bd178916c243b0811989ec6f92fcd4024810042952a8a933171434e1"
"md","step-03-session-menu","tea","tea/workflows/testarch/teach-me-testing/steps-c/step-03-session-menu.md","1d75818a9d8bc7a8ad49786b294c4ea4a8dde21f2faa2516eea3c7da1f49efa3"
"md","step-03-test-strategy","tea","tea/workflows/testarch/atdd/steps-c/step-03-test-strategy.md","e78b13a4f825a6c25aa7d1fc067cfd6516579b593ddd929ddaf5c3663e6a98b2"
"md","step-03a-subprocess-api","tea","tea/workflows/testarch/automate/steps-c/step-03a-subprocess-api.md","c37a6f60a29aaef7f5c189f9736d07e43f299bca12b797ea3b17a09902e5b35e"
"md","step-03a-subprocess-determinism","tea","tea/workflows/testarch/test-review/steps-c/step-03a-subprocess-determinism.md","4c3f21fa0acfffc3a18dfae5a04784ed18811becf02606b9c6b4e17d3232b087"
"md","step-03b-subprocess-e2e","tea","tea/workflows/testarch/automate/steps-c/step-03b-subprocess-e2e.md","d2719446b15761642de5d4cc76760eebc9b030521026efb3dcb754ffa3bce1e8"
"md","step-03b-subprocess-isolation","tea","tea/workflows/testarch/test-review/steps-c/step-03b-subprocess-isolation.md","524ca871fc82fbb133f2601508a8cac8a88efd674e94615f306e6e6e4d6e88ad"
"md","step-03c-aggregate","tea","tea/workflows/testarch/automate/steps-c/step-03c-aggregate.md","2b8e3d904641e9fb595eef5cb3b936e9d8fe2645ad47a2c2bbd72c84c07f67d9"
"md","step-03c-subprocess-maintainability","tea","tea/workflows/testarch/test-review/steps-c/step-03c-subprocess-maintainability.md","7d830af71d7fbfa12f5a6fbc194171070d0560f388d68d34e105ea509d92af39"
"md","step-03d-subprocess-coverage","tea","tea/workflows/testarch/test-review/steps-c/step-03d-subprocess-coverage.md","298a5add4276e057b0a6be874215d90c9402f8be3b5349cb93169c719c0cb45d"
"md","step-03e-subprocess-performance","tea","tea/workflows/testarch/test-review/steps-c/step-03e-subprocess-performance.md","6c707a81569a19ba7ffaa6b41cd3c3b962c9b20f5261418bd047cac4e46d46a1"
"md","step-03f-aggregate-scores","tea","tea/workflows/testarch/test-review/steps-c/step-03f-aggregate-scores.md","6eccbda023ee49eb28c6c1d076540053d85de2a24fe4321904db7e157786fa44"
"md","step-04-analyze-gaps","tea","tea/workflows/testarch/trace/steps-c/step-04-analyze-gaps.md","f1e84a5ec00a619bde384fed995566714566c1b921dba574e4a106aa1bdd556b"
"md","step-04-coverage-plan","tea","tea/workflows/testarch/test-design/steps-c/step-04-coverage-plan.md","c6ae0eaa1a6da71723d1565ded13aca70b47013415e41fd07f6b74eefc868f07"
"md","step-04-docs-and-scripts","tea","tea/workflows/testarch/framework/steps-c/step-04-docs-and-scripts.md","5d196aeca7356d0bf1289b9c577bed4062eb3f9cfeb349b9c74ad83ac62c7a2f"
"md","step-04-evaluate-and-score","tea","tea/workflows/testarch/nfr-assess/steps-c/step-04-evaluate-and-score.md","4bf182e4e6fc200879ecbc97c7f8d0421604d21598f49a6564e7b58d18dd2896"
"md","step-04-generate-report","tea","tea/workflows/testarch/test-review/steps-c/step-04-generate-report.md","b2d2b07567ffd5543df469296745e47264f199d639e48c0354c0a34c6d95bdf1"
"md","step-04-generate-tests","tea","tea/workflows/testarch/atdd/steps-c/step-04-generate-tests.md","726620e102ccb857054105376e2d46b2bcf7ed313c4425bce6de3ab72f0717d1"
"md","step-04-session-01","tea","tea/workflows/testarch/teach-me-testing/steps-c/step-04-session-01.md","0d11f5147bcf10c7c58ada8f1baed6cd83feaeb03300da9033ac27983a116240"
"md","step-04-session-02","tea","tea/workflows/testarch/teach-me-testing/steps-c/step-04-session-02.md","a4081fca2bbb9b3fc06f83006b2ec6394fcdea018be2cdff6589ac4cc2c8a6f9"
"md","step-04-session-03","tea","tea/workflows/testarch/teach-me-testing/steps-c/step-04-session-03.md","729a7193128f6bad23b7da0f0893c7f78f08057d6fed30ddf339700b22b5e78e"
"md","step-04-session-04","tea","tea/workflows/testarch/teach-me-testing/steps-c/step-04-session-04.md","4fb21909bdb382b3964723d9aa02442c588f74006fddc14a28d7dc133bc6f2dc"
"md","step-04-session-05","tea","tea/workflows/testarch/teach-me-testing/steps-c/step-04-session-05.md","abad9591931c5d39e4f9c0a5d1c0688c8b8b0891e5e20bebebbcea45db802dc2"
"md","step-04-session-06","tea","tea/workflows/testarch/teach-me-testing/steps-c/step-04-session-06.md","03ef83440e4fb0f0d11dfc884d1f88016fef213edf7db9e72ba6d469283cb8af"
"md","step-04-session-07","tea","tea/workflows/testarch/teach-me-testing/steps-c/step-04-session-07.md","b5c3e5e1b1e65d0058f1e5022a129532d1d56f40e789f5660f36a1e43d0b78d3"
"md","step-04-validate-and-summarize","tea","tea/workflows/testarch/automate/steps-c/step-04-validate-and-summarize.md","059555c2f5a57aac57cc76b0a30a8dabe959eb12143008df58208027420bc58e"
"md","step-04-validate-and-summary","tea","tea/workflows/testarch/ci/steps-c/step-04-validate-and-summary.md","2a34c259a4bab99ab3160de869a8d59ff5d1e5f367c4135a7a8abeffacd92031"
"md","step-04a-subprocess-api-failing","tea","tea/workflows/testarch/atdd/steps-c/step-04a-subprocess-api-failing.md","c5592888622a56e3cb54d8d0b789a769569ad951a99f479b7bc937e6f2c28c93"
"md","step-04a-subprocess-security","tea","tea/workflows/testarch/nfr-assess/steps-c/step-04a-subprocess-security.md","f0b6ee13028facd24fb748a7f5bf6c8ff790018f57f950e63adee96c31f430a8"
"md","step-04b-subprocess-e2e-failing","tea","tea/workflows/testarch/atdd/steps-c/step-04b-subprocess-e2e-failing.md","b687b34b769229481ec04251f8561f7510dbd851622bdb261fb739803427b12b"
"md","step-04b-subprocess-performance","tea","tea/workflows/testarch/nfr-assess/steps-c/step-04b-subprocess-performance.md","191325fe28623b6ee52d22ecd62ee7f861da3ce9a6243be5f95b915fef7ae75b"
"md","step-04c-aggregate","tea","tea/workflows/testarch/atdd/steps-c/step-04c-aggregate.md","62fe8aa90416ae538b976e24ca48e5fff1e7a8139c4f68edb7f5a7b96182255e"
"md","step-04c-subprocess-reliability","tea","tea/workflows/testarch/nfr-assess/steps-c/step-04c-subprocess-reliability.md","f3aab9dbd369697405dfd3c6b57d0f374f0161d18c8b7ab69a9cfd7746011f2d"
"md","step-04d-subprocess-scalability","tea","tea/workflows/testarch/nfr-assess/steps-c/step-04d-subprocess-scalability.md","3d85f34e82a4ee0c6a5019700a8d73a733cef16886ff27cdc6c4a8bdb145a017"
"md","step-04e-aggregate-nfr","tea","tea/workflows/testarch/nfr-assess/steps-c/step-04e-aggregate-nfr.md","777db41a1227076fb11840894c8af899a21bbdbc7a7e9864914e7eea775bdf95"
"md","step-05-completion","tea","tea/workflows/testarch/teach-me-testing/steps-c/step-05-completion.md","1f1932ca15eae13b8f3131dddf114351bbd3ee56734966307949cc747341c69b"
"md","step-05-gate-decision","tea","tea/workflows/testarch/trace/steps-c/step-05-gate-decision.md","a03b563e8cab1cefbc7a4e8d2ba15997ec874c4f7c734b78d73bbce04297c4ee"
"md","step-05-generate-output","tea","tea/workflows/testarch/test-design/steps-c/step-05-generate-output.md","02635cd201ccb2135fae853a246c12dad6ae2e4eaa61d16e3bccbdb9ab22a5b3"
"md","step-05-generate-report","tea","tea/workflows/testarch/nfr-assess/steps-c/step-05-generate-report.md","9980e2287f4d444472a491f56f1cb18c2481af514d64cb31c8121990e8580cec"
"md","step-05-validate-and-complete","tea","tea/workflows/testarch/atdd/steps-c/step-05-validate-and-complete.md","3fda138cac14bca62a248beb044f579ea9d46f54e208f7faf1e7c12ee72b4fa2"
"md","step-05-validate-and-summary","tea","tea/workflows/testarch/framework/steps-c/step-05-validate-and-summary.md","bbefcb7180d4e853af6c63d91cd55888dbbfe39236241240cd2f14fd6b53461b"
"md","step-e-01-assess-workflow","tea","tea/workflows/testarch/teach-me-testing/steps-e/step-e-01-assess-workflow.md","b7b3cc8d845b79e9ef81d8c835f63bcbedc930396c0cab49a946dff1b6819e7a"
"md","step-e-02-apply-edits","tea","tea/workflows/testarch/teach-me-testing/steps-e/step-e-02-apply-edits.md","081679a34b6c02804d77156866ba9d41e1dd2952a902314b4937863ce874f27d"
"md","step-v-01-validate","tea","tea/workflows/testarch/teach-me-testing/steps-v/step-v-01-validate.md","b33a9eaac964dbe08d10ff15744f40b8118edc69844c856d4f80b9ba2da77865"
"md","test-design-architecture-template","tea","tea/workflows/testarch/test-design/test-design-architecture-template.md","6f6da05875f8ee2b65feac68704b2c1701aa2fbfb369e1b63098f1f1a749174a"
"md","test-design-qa-template","tea","tea/workflows/testarch/test-design/test-design-qa-template.md","772e472e87dcc5975e22ddba7a123da8f5ffa6e3863be9cdb8980af66ccf8ae7"
"md","test-design-template","tea","tea/workflows/testarch/test-design/test-design-template.md","d27a74352b09f67596337d1f9e447371f8e40d2d19c6df6b05d4110017760cd1"
"md","test-healing-patterns","tea","tea/testarch/knowledge/test-healing-patterns.md","b44f7db1ebb1c20ca4ef02d12cae95f692876aee02689605d4b15fe728d28fdf"
"md","test-levels-framework","tea","tea/testarch/knowledge/test-levels-framework.md","80bbac7959a47a2e7e7de82613296f906954d571d2d64ece13381c1a0b480237"
"md","test-priorities-matrix","tea","tea/testarch/knowledge/test-priorities-matrix.md","321c3b708cc19892884be0166afa2a7197028e5474acaf7bc65c17ac861964a5"
"md","test-quality","tea","tea/testarch/knowledge/test-quality.md","97b6db474df0ec7a98a15fd2ae49671bb8e0ddf22963f3c4c47917bb75c05b90"
"md","test-review-template","tea","tea/workflows/testarch/test-review/test-review-template.md","b476bd8ca67b730ffcc9f11aeb63f5a14996e19712af492ffe0d3a3d1a4645d2"
"md","timing-debugging","tea","tea/testarch/knowledge/timing-debugging.md","c4c87539bbd3fd961369bb1d7066135d18c6aad7ecd70256ab5ec3b26a8777d9"
"md","trace-template","tea","tea/workflows/testarch/trace/trace-template.md","148b715e7b257f86bc9d70b8e51b575e31d193420bdf135b32dd7bd3132762f3"
"md","validation-report-20260127-095021","tea","tea/workflows/testarch/atdd/validation-report-20260127-095021.md","cc5791172e30e79256633699ce166c1194aa9c7ecfdd4ca0eeb9b8b60eeee718"
"md","validation-report-20260127-095021","tea","tea/workflows/testarch/automate/validation-report-20260127-095021.md","a4ed16b892e13c2cb2319389b5ca222808ff2e25ed26e3c92f90c64b3a55933b"
"md","validation-report-20260127-095021","tea","tea/workflows/testarch/ci/validation-report-20260127-095021.md","3451d35e293ec9de1eb8c94e8d4ac7992f2258b032a2dcdc325c50ef2c70a190"
"md","validation-report-20260127-095021","tea","tea/workflows/testarch/framework/validation-report-20260127-095021.md","a48f4c83508201f857216ceec8d20d46d1ca7e69e2689528c3ba9f5844cb56be"
"md","validation-report-20260127-095021","tea","tea/workflows/testarch/nfr-assess/validation-report-20260127-095021.md","42b6fdceb1aad4385fadcc99bf6a326c54b9e0fd23a3120de2c071ebee479ecc"
"md","validation-report-20260127-095021","tea","tea/workflows/testarch/test-design/validation-report-20260127-095021.md","56461e256a8921cad80a7c505ef180286b236aeaba9bef25d8f637115dbdad3c"
"md","validation-report-20260127-095021","tea","tea/workflows/testarch/test-review/validation-report-20260127-095021.md","b9676cc40360957bc541688ce83e28162bde80b8824926a1f6b8a26121077e7a"
"md","validation-report-20260127-095021","tea","tea/workflows/testarch/trace/validation-report-20260127-095021.md","09744b32f1c99808271ea358260dc1675ebda062467bc13b80e1f84fbc93bff9"
"md","validation-report-20260127-102401","tea","tea/workflows/testarch/atdd/validation-report-20260127-102401.md","8c62f371ecd1577233445e019f371b6daa6bf4024dbf72a8aa1258f6cd5938b6"
"md","validation-report-20260127-102401","tea","tea/workflows/testarch/automate/validation-report-20260127-102401.md","4dacd786efbe88bce0b85740b9b31483bdb8edbd5932b0ef32f02217ea94b321"
"md","validation-report-20260127-102401","tea","tea/workflows/testarch/ci/validation-report-20260127-102401.md","558214d09c7dd1c11b6d301d66909df79c50af3116b0358c0bec3a4ab538a3f2"
"md","validation-report-20260127-102401","tea","tea/workflows/testarch/framework/validation-report-20260127-102401.md","e26c86c9637efe5fdd6f185185ba1fe39a5dd29040b1bf7c4b98b3958efa66e1"
"md","validation-report-20260127-102401","tea","tea/workflows/testarch/nfr-assess/validation-report-20260127-102401.md","ab75c92a054746a09b5a6cbad8f78e2a5b8d1b9985e7067c93ffa8509f15101f"
"md","validation-report-20260127-102401","tea","tea/workflows/testarch/test-design/validation-report-20260127-102401.md","01cd483608abc20ef97734ad22584d643bd05bb7ae62a360ce65c95d77e2c862"
"md","validation-report-20260127-102401","tea","tea/workflows/testarch/test-review/validation-report-20260127-102401.md","af3c0808bb19323227dd0c91a7b71b0f8bb928966c15986d9af2c20af5fa8ca8"
"md","validation-report-20260127-102401","tea","tea/workflows/testarch/trace/validation-report-20260127-102401.md","42d284ceccd481c91841c9da9a565d97067e866006e48db8572cc3e78017afea"
"md","visual-debugging","tea","tea/testarch/knowledge/visual-debugging.md","072a3d30ba6d22d5e628fc26a08f6e03f8b696e49d5a4445f37749ce5cd4a8a9"
"md","workflow","tea","tea/workflows/testarch/atdd/workflow.md","7e90a7f267ad9c5f5a8b634dd67944819f9a725511d6e9e9d38b67c175b5e568"
"md","workflow","tea","tea/workflows/testarch/automate/workflow.md","b63d80325bd8ab196df4a73ad27624975b3463fecb32e1e571f3dcf01ea98f3a"
"md","workflow","tea","tea/workflows/testarch/ci/workflow.md","c761f640df5a12a1eb8d227ded43424f02be1cc68a1f258ba8593adc675f54cd"
"md","workflow","tea","tea/workflows/testarch/framework/workflow.md","9906b62df484d29609ea5806f0c687bd55528fdb9c27f70220966656bf42d747"
"md","workflow","tea","tea/workflows/testarch/nfr-assess/workflow.md","f6614ac77bbdaf17a8774d3e745e555a966b8ca7339cc085054f3ee74404ff2b"
"md","workflow","tea","tea/workflows/testarch/teach-me-testing/workflow.md","f1f85518acabaea9ed7aada748ab9c6afc0417820c18f006e3743a0ca33953e5"
"md","workflow","tea","tea/workflows/testarch/test-design/workflow.md","c4c7dda1e07e7d9ea9119106e2d9d92160de5f181dadf236ca68ec79bf697414"
"md","workflow","tea","tea/workflows/testarch/test-review/workflow.md","2c87ea3e3617359ad623487ee3a44b7f930b8b2436ede7bed68318000240b1b5"
"md","workflow","tea","tea/workflows/testarch/trace/workflow.md","2975fe7b97e9753d8ff547a708c03f72ba5035e10dcae831678432c915764620"
"md","workflow-plan","tea","tea/workflows/testarch/atdd/workflow-plan.md","e3d1212061de6860ae1bd076272d895d7d398bca0818f229bb4bf5184f094e76"
"md","workflow-plan","tea","tea/workflows/testarch/automate/workflow-plan.md","3be1fedea1b63287ee428f04974d70fd6972fc19c09a3b68cde5fdb094fc1cae"
"md","workflow-plan","tea","tea/workflows/testarch/ci/workflow-plan.md","628dae2fcc680824c0e376feca84ce05b7cd674f0d5efc935964f4e705dddeb3"
"md","workflow-plan","tea","tea/workflows/testarch/framework/workflow-plan.md","6e181a5bd34a182f85fc9886bf205f13e89e6325db282f6e0f21cd59f122b7ab"
"md","workflow-plan","tea","tea/workflows/testarch/nfr-assess/workflow-plan.md","8c6ba514a51b01793e703c88920388f646d316dc59d130b92579a9f4f883a43f"
"md","workflow-plan","tea","tea/workflows/testarch/test-design/workflow-plan.md","1a572654d14eb5703e5c183c4b44921fdcf6aaa7ada43c01d3c4ca34ad15268b"
"md","workflow-plan","tea","tea/workflows/testarch/test-review/workflow-plan.md","789bbfe79716faf8c897bd50e23ebe90f1cc405401efca6ccae6ba739e5faee9"
"md","workflow-plan","tea","tea/workflows/testarch/trace/workflow-plan.md","8be97e481bc88b4f6261016e9d78a527bc8bc524e35033398fcfe7416c238585"
"md","workflow-plan-teach-me-testing","tea","tea/workflows/testarch/teach-me-testing/workflow-plan-teach-me-testing.md","06e51071e1d8ead4c0625ef150e2f0efb2fffae76911b7e80d220bb52f3ae224"
"yaml","config","tea","tea/config.yaml","73c009fb8d7b63d87bb541b0a9724840434e626a934051e961069c7cfe645a43"
"yaml","curriculum","tea","tea/workflows/testarch/teach-me-testing/data/curriculum.yaml","4d8eb20e67d5e3e90009d0984a41ae39db1a40e4deee683c2baa3d7a36be8a75"
"yaml","github-actions-template","tea","tea/workflows/testarch/ci/github-actions-template.yaml","cf7d1f0a1f2853b07df1b82b00ebe79f800f8f16817500747b7c4c9c7143aba7"
"yaml","gitlab-ci-template","tea","tea/workflows/testarch/ci/gitlab-ci-template.yaml","986f29817e04996ab9f80bf2de0d25d8ed2365d955cc36d5801afaa93e99e80b"
"yaml","progress-template","tea","tea/workflows/testarch/teach-me-testing/templates/progress-template.yaml","595fe007e9cecd907f0f695f581ff7c86dde770336be8134782a954d4fb6f48f"
"yaml","quiz-questions","tea","tea/workflows/testarch/teach-me-testing/data/quiz-questions.yaml","42c5e6c8703e22992cfcbbeb23d871054b15257153010efe53bf44dbc1f27b4f"
"yaml","role-paths","tea","tea/workflows/testarch/teach-me-testing/data/role-paths.yaml","c5ad85c1de113a6c403ad0f9a3588477caec72a4e4d858f41e96ebd0e4765a7a"
"yaml","session-content-map","tea","tea/workflows/testarch/teach-me-testing/data/session-content-map.yaml","10ae06b0aa827c6142102539ee71c0813c8ae5b2641319df1dfa4d3b9bfb1283"
"yaml","tea-resources-index","tea","tea/workflows/testarch/teach-me-testing/data/tea-resources-index.yaml","ff1329acc7ce243442a3fcc264b8cf46b925aa104c630771c993b6b3183a311f"
"yaml","workflow","tea","tea/workflows/testarch/atdd/workflow.yaml","b69d72b7babf5c16d88906ce5e184a86399fcd9ac6547ef9489a0e8ac035003d"
"yaml","workflow","tea","tea/workflows/testarch/automate/workflow.yaml","bea91aa0ef9762e889e30e525203f6e6657043dffaabb78d53f1cc584d77e43f"
"yaml","workflow","tea","tea/workflows/testarch/ci/workflow.yaml","9794c8a7c6dbe7ef7ad46f7e1a9cf733b5ffb0009cbbef568dfcd2e4634d025a"
"yaml","workflow","tea","tea/workflows/testarch/framework/workflow.yaml","30121126e204ff25d50ef98cb3e3cdb5a88d6b51a7a6be1e93babc2186db9535"
"yaml","workflow","tea","tea/workflows/testarch/nfr-assess/workflow.yaml","e33777384b852e853a388ddafaa61b346aa61620be5ab9c47198e3bc07980fe0"
"yaml","workflow","tea","tea/workflows/testarch/test-design/workflow.yaml","08e620af49afbce867813beaee0e80c88d6e7d8ca2b6ba96c07a28ee00850d75"
"yaml","workflow","tea","tea/workflows/testarch/test-review/workflow.yaml","97cfa897ecaea4fb00f631edfbe874474f1db3cab74d1444412dd1b7b69d4a9c"
"yaml","workflow","tea","tea/workflows/testarch/trace/workflow.yaml","6c93cf0ed6c39d51edc923dcdc7ad24086db387aab69d0941de994ef6250f62a"
